archivo_qmd,titulo,capitulo_num,paginas,doi,resumen,palabras_clave,autor_1,afiliacion_1,orcid_1,email_1,semblanza_1,autor_2,afiliacion_2,orcid_2,email_2,semblanza_2,autor_3,afiliacion_3,orcid_3,email_3,semblanza_3
capitulo_01.qmd,El Sistema Producto Barbacoa de Capulhuac como manifestación del capitaloceano y la economía circular,1,,,"Capulhuac en el Estado de México, es un municipio productor de barbacoa que oferta en distintos puntos del altiplano central del país. Aunque su demanda promueve un desarrollo regional al emplear gran cantidad de familias, esta actividad impacta negativamente al ambiente. El objetivo consiste en analizar esta actividad en el contexto del capitaloceno y los desafíos y oportunidades que se cuentan para promover modelos de economía circular. El estudio parte del trabajo de campo enfocado en el sistema producto barbacoa, considerando una serie de análisis cualitativos y cuantitativos que permiten identificar el cambio socio-territorial en la región. Entre los resultados, se encontró que la demanda de barbacoa en la región central de México ha generado una serie de impactos ambientales en Capulhuac asociado con la noción de capitaloceno pero existen estrategias que pueden mitigar dicha problemática mediante la implementación de modelos de economía circular.","capitaloceno, Capulhuac, medio ambiente",Omar Miranda-Gómez,"Universidad Autónoma Metropolitana, unidad Lerma",,o_miranda@correo.ler.uam.mx,,Ignacio López Moreno,"Universidad Autónoma Metropolitana, unidad Lerma",0000-0002-0900-3473,i.lopez@correo.ler.uam.mx,"Profesor Investigador Titular nivel C del Departamento de Procesos Sociales de la Universidad Autónoma Metropolitana, unidad Lerma. Es miembro del Sistema Nacional de Investigadores y cuenta con el Perfil Deseable PRODEP. Sus líneas de investigación se centran de manera general en procesos de cambio del mundo rural en México, Latinoamérica y Europa, y específicamente en estudios sobre desarrollo territorial, transiciones agroalimentarias y nuevas ruralidades. ",,,,,
capitulo_02.qmd,Bienestar visual urbano en su escala socio-ecológica,2,,,"Las ciudades son productos sociales, culturales, ambientales y económicos complejamente emergentes. La contingencia y convivencia física, material e informacional entre agentes inmersos en el sistema urbano ocurre en un espacio con límites geográficos, políticos y administrativos. En este trabajo, se plantea que las ciudades poseen estructuras que denominamos organizaciones anatómicas urbanas y pueden ser debeladas por la teoría de redes y la entropía de Shannon. También mostraremos como esas organizaciones pueden ser útiles para describir el bienestar visual de un espacio educativo. Nuestro objetivo principal es desarrollar un bosquejo contextual para detectar indicios de las organizaciones anatómicas urbanas y reconocer sus implicaciones en el bienestar visual en una escala socio ecológica. En un contexto teórico sobre la descripción de espacios urbanos usaremos como plataforma conceptual dos tipos: el Espacio de Fluidos de Castells (EFC) y el espacio de los lugares (EDL; espacio geográfico). Las estructuras de las redes inmersas en los espacios mencionados pueden arrojar información suficiente para detectar procesos, proyecciones y configuraciones particulares de estas estructuras en términos de bienestar. De acuerdo a lo anterior, se detectaron dos regiones de la anatomía de las estructuras urbanas; los ""ganglios de información, materia y energía; GaiMs"" y los ductos de información, materia y energía; DaiMs"".","Bienestar visual, entropía informacional, complejidad urbana",Juan López Sauceda,"Universidad Autónoma Metropolitana, unidad Lerma",0000-0001-5174-6046,j.sauceda@correo.ler.uam.mx,"Doctor en Ciencias Biomédicas en el área de Biología Teórica por la Universidad Nacional Autónoma de México, Postdoctorado en el Centro de Ciencias de la Complejidad de la UNAM. Realiza proyectos paralelos en ciencia, arte y escultura. Es Catedrático CONACYT asignado al Departamento de Sistemas de Información y Comunicaciones de la División de Ciencias básicas e Ingeniería desde 2014.",,,,,,,,,,
capitulo_03.qmd,En búsqueda de la transformación de las relaciones contemporáneas y la opción epistemológica de la antropología,3,,,"En el escenario global actual, han emergido nuevas problemáticas de distintas índoles que aquejan a la humanidad, por ejemplo, comprenden aspectos climáticos, sobrexplotación y destrucción de los ecosistemas, al atender a la excesiva demanda de los denominados recursos naturales. Por lo tanto, la importancia de poder transformar hacia bien las condiciones, se considera como una necesidad en común de los diferentes actores, dejando de lado sus subjetividades, respecto a una realidad compartida. Es así que, se identifica a la antropología como la alternativa epistemológica que posibilita aproximaciones complejas a los actores y los grupos humanos, centrando la atención en los aspectos culturales, con el objetivo de distinguir las nuevas formas de relaciones que se establecen entre las distintas partes. Se trata así, de reconocer la existencia de un sistema complejo compuesto por dos partes, la humanidad y la naturaleza (actores y actantes), el cual demanda la generación de un equilibrio.","transformación de las relaciones contemporáneas, antropología, actores, actantes",Edgar Flores Gómez,"Universidad Autónoma Metropolitana, unidad Lerma",,e.flores@correo.ler.uam.mx,,,,,,,,,,,
capitulo_04.qmd,Cómo influye la Interseccionalidad en Programas Públicos Municipales. Diseño y evaluación,4,,,"El enfoque interseccional se ha convertido en una herramienta fundamental para comprender las complejas desigualdades que enfrentan las poblaciones marginadas. Este enfoque reconoce que las personas no son simplemente afectadas por una sola dimensión de identidad (como género, raza o clase), sino que experimentan múltiples formas de discriminación y opresión que se entrelazan. Este artículo propone explorar la importancia del enfoque interseccional en el diseño y evaluación de políticas públicas. Argumentaremos que este enfoque es esencial para abordar de manera efectiva las desigualdades complejas y para garantizar que las políticas públicas sean inclusivas y equitativas.","Evaluación, Políticas Públicas, Interseccionalidad, Género",Guillermo Aldair V. Fuentes,"Universidad Autónoma Metropolitana, unidad Lerma",,guialdair@gmail.com,"Licenciado en Políticas Públicas por la UAM, Unidad Lerma y Maestro en Ciencias Administrativas en la línea de investigación de Gestión y Políticas Públicas en los diferentes ámbitos de gobierno por la UAM, Iztapalapa. Ex Miembro de la Red Mexicana de Investigadores en Estudios Organizacionales (REMINEO), de la Academia Nacional de Evaluadores de México (ACEVAL) y de la Red Académica de Gobierno Abierto (RAGA).",Carlos Ricardo Aguilar Astorga,"Universidad Autónoma Metropolitana, unidad Lerma",0000-0003-3760-8338,aguilar@correo.ler.uam.mx,"Profesor Investigador de tiempo completo de la Universidad Autónoma Metropolitana (UAM) Unidad Lerma. Ha sido miembro académico del Comité de Seguimiento y Evaluación del Programa de Derechos Humanos de la Ciudad de México. Desde 2018, es también socio activo de la Academia Nacional de Evaluadores de México A.C.",,,,,
capitulo_05.qmd,Estrategias colectivas para la construcción de la habitabilidad en el territorio hidrosocial de Lerma,5,,,"El territorio hidrosocial de la Cuenca Alta del río Lerma enfrenta un grave proceso de degradación medioambiental, impulsado por el desarrollo industrial y urbano de la región. Este artículo analiza las estrategias colectivas que la población ha implementado para abordar la problemática de degradación medioambiental y mejorar la habitabilidad del territorio. En particular, se destaca el municipio de Lerma, cuyo estudio permite comprender las transformaciones y consecuencias socioambientales derivadas de estas dinámicas. Del 2019 al 2024, se realizaron investigaciones paralelas que incluyeron revisión documental, observación directa, recorridos de campo y entrevistas semiestructuradas. Estas investigaciones revelan que, aunque el desarrollo industrial y urbano ha generado impactos negativos en el ambiente, las acciones colectivas de la población local, como la restauración de ecosistemas, la gestión del agua y la promoción de prácticas de recuperación han mostrado ser cruciales para mejorar la calidad de vida en el municipio y sus alrededores. Estas iniciativas contribuyen a la mejora de la habitabilidad del territorio, reflejando un esfuerzo colectivo para equilibrar el desarrollo con la sostenibilidad ambiental.","degradación medioambiental, desarrollo industrial, urbanización",Esmeralda Pliego,"Universidad Autónoma Metropolitana, unidad Lerma",,e_pliego@correo.ler.uam.mx,,Emilia Lara Walle,"Universidad Autónoma Metropolitana, unidad Lerma",,emilia.lara-walle@univ-tlse2.fr,,,,,,
capitulo_06.qmd,El sistema penitenciario del Estado de México frente al sistema de justicia penal,6,,,"La prisión puede considerarse como la última fase del proceso de justicia penal, que comienza con la investigación, continua con la preparación del juicio y, por último, termina con la sentencia. Sin embargo, a pesar de que México implementó un nuevo sistema de justicia penal a partir de la reforma constitucional en materia de seguridad y justicia en 2008, la realidad demuestra que existe un abuso al utilizarla. Este artículo expone la necesidad de armonizar los objetivos del sistema penal y del sistema penitenciario en la entidad mexiquense con la finalidad de que la población privada de la libertad pueda lograr la reinserción social a través de los ejes planteados en el artículo 18 constitucional y de estancias dignas que garanticen los derechos humanos. Debido a que lo que ocurre en los centros penitenciarios está intrínsecamente relacionado con la gestión del sistema de justicia penal en su conjunto.","Sistema penitenciario, reinserción social, justicia penal",Daniely Yuliet Peña Miranda,"Universidad Autónoma Metropolitana, unidad Lerma",,d.yuliet.pm@gmail.com,,,,,,,,,,,
capitulo_07.qmd,La importancia de la incorporación de la Perspectiva de género en el diseño de las políticas públicas para la búsqueda de mujeres desaparecidas no localizadas y ausentes en Toluca Estado de México,7,,,"Es fundamental plantear que México, es de los países que ha recibido el mayor número de recomendaciones por parte de la Corte Interamericana de Derechos Humanos, por la violación sistemática a los derechos de las víctimas directas e indirectas de este delito; aún con este precedente fue hasta el periodo del 2001 al 2006 que se empezó a utilizar la perspectiva de género en el plan nacional de desarrollo (PND, 2001), y con ello llego su incorporación al momento de legislar, y también en el diseño de las políticas públicas, además de que poner en marcha el programa Nacional para la Igualdad de Oportunidades y No Discriminación contra las Mujeres (PROIGUALDAD). Conocer el tema de la desaparición de mujeres en México es relevante debido al crecimiento de las cifras del número de casos de víctimas de este delito que se han reportado los últimos años en todo el país, aun que anteriormente se pensaba que eran casos aislados o que era una problemática de Estados del norte del país, por el impacto que causo la desaparición de mujeres en Ciudad Juárez, Chihuahua es una realidad a la que se enfrenta el país (Ferrer, 2011).","Persona Desaparecida, Derechos Humanos, Perspectiva de Género, Políticas Públicas",Dora Luz Morales Roman,"Universidad Autónoma Metropolitana, unidad Lerma",,dmorales@cua.uam.mx,,,,,,,,,,,
entrevista.qmd,La vida y los saberes situados en el centro de las tecnologías críticas,9,,,"En esta entrevista con Eugenio Tisselli[^entrevista_2] se despliega un enfoque crítico de la tecnología que, lejos de asumir la neutralidad despolitizada de la misma, se comprende como una materialización ideológica y, por tanto, como una construcción cultural abierta. La categoría de *reescritura tecnológica* es precisamente una de las aportaciones que el autor ha desarrollado en colectivo para reivindicar la capacidad de agenciamiento frente a técnicas, objetos y procesos que se nos presentan como independientes de los contextos sociales en los que surgen y se propagan. Además de abordar su trayectoria, la conversación indaga sobre las ""tecnologías de la vida"" del Sur global y el desmarque frente a los discursos dominantes.
",reescritura tecnológica; arte participativo; Sur global,Sofía Sienra,"Universidad Autónoma Metropolitana, unidad Lerma","0000-0002-6811-7083
",sofisienra@gmail.com,Profesora a nivel licenciatura y maestría en la UAEMEX. Miembro de las Redes OIADE y Abya Yala. Interesada en el cruce entre estética-política y tecnología desde A. Latina,,,,,,,,,,
reseña.qmd,La sociedad del cuidado y políticas de la vida,8,,,,,Blanca Estela Melgarito Rocha,"Universidad Autónoma Metropolitana, unidad Lerma",,b.melgarito@correo.ler.uam.mx,,,,,,,,,,,