Cita_Original,Tipo,Categoria,Pagina_PDF,Citekey_Zotero
"(Abrams, 1988)",Parentética,Automatizable,22,
"(Agudo Sanchíz, 2010)",Parentética,Automatizable,No encontrada,
"(Agudo Sanchíz, 2014)",Parentética,Automatizable,No encontrada,
"(Agudo Sanchíz, 2015)",Parentética,Automatizable,No encontrada,
"(Agudo Sanchíz, 2023)",Parentética,Automatizable,No encontrada,
"(Arteaga, 2016)",Parentética,Automatizable,"77, 78",
"(Azevedo & Torres, 2020)",Parentética,Automatizable,78,
"(Bandeira & Rubaii, 2016)",Parentética,Automatizable,No encontrada,
"(Barros & Tavares, 2022)",Parentética,Automatizable,84,
"(Bourdieu, 1998)",Parentética,Automatizable,29,
"(Bravo, 2024)",Parentética,Automatizable,"74, 76",
"(Bustamante, 1990)",Parentética,Automatizable,No encontrada,
"(CONEVAL, 2021)",Parentética,Automatizable,No encontrada,
"(CONEVAL, 2024)",Parentética,Automatizable,No encontrada,
"(Cadavid, 2018)",Parentética,Automatizable,74,
"(Cadena & López, 2012)",Parentética,Automatizable,79,
"(Cantar, 2021)",Parentética,Automatizable,"74, 83",
"(Castañeda y Elbittar, 2013)",Parentética,Automatizable,28,
"(Castañeda, 2024)",Parentética,Automatizable,No encontrada,
"(Castro-Gómez, 2010)",Parentética,Automatizable,No encontrada,
"(Cohen y Franco, 2005)",Parentética,Automatizable,No encontrada,
"(Cordoncillo, 2023)",Parentética,Automatizable,84,
"(Coronell, 2010)",Parentética,Automatizable,No encontrada,
"(Creswell y Creswell, 2014)",Parentética,Automatizable,No encontrada,
"(Danani, 2017)",Parentética,Automatizable,No encontrada,
"(Espinosa, 2013)",Parentética,Automatizable,No encontrada,
"(Fatoric & Daly, 2023)",Parentética,Automatizable,82,
"(Fernández-Laso & Ronco, 2022)",Parentética,Automatizable,76,
"(Ferrarotti, 2012)",Parentética,Automatizable,No encontrada,
"(Foucault, 1984)",Parentética,Automatizable,116,
"(Foucault, 1999)",Parentética,Automatizable,No encontrada,
"(Fracasso & García, 2019)",Parentética,Automatizable,"74, 83, 84",
"(Gallé, 2016)",Parentética,Automatizable,74,
"(García, 2021)",Parentética,Automatizable,77,
"(Gil Villegas, 2000)",Parentética,Automatizable,No encontrada,
"(Gobierno de México, 2019)",Parentética,Automatizable,No encontrada,
"(Godelier, 1995)",Parentética,Automatizable,No encontrada,
"(Graeber, 2018)",Parentética,Automatizable,No encontrada,
"(Gupta, 2012)",Parentética,Automatizable,24,
"(Gómez, 2021)",Parentética,Automatizable,No encontrada,
"(Han, 2014)",Parentética,Automatizable,27,
"(Harguindéguy & Núñez, 2023)",Parentética,Automatizable,76,
"(Hart, 1971)",Parentética,Automatizable,No encontrada,
"(Harvey, 2007)",Parentética,Automatizable,No encontrada,
"(Hernandis, 2016)",Parentética,Automatizable,75,
"(Hernández, 2021)",Parentética,Automatizable,No encontrada,
"(Hernández, 2023)",Parentética,Automatizable,84,
"(Hilbert, 2011)",Parentética,Automatizable,27,
"(Holloway, 1982)",Parentética,Automatizable,No encontrada,
"(Howard & Hussain, 2013)",Parentética,Automatizable,No encontrada,
"(Huesca y Padilla, 2012)",Parentética,Automatizable,No encontrada,
"(INEGI, 2023)",Parentética,Automatizable,No encontrada,
"(INEGI, 2024)",Parentética,Automatizable,27,
"(Ibarrola, 2009)",Parentética,Automatizable,No encontrada,
"(Lloyd, 2020)",Parentética,Automatizable,31,
"(Loayza y Sugawara, 2009)",Parentética,Automatizable,No encontrada,
"(López Reyes & López Castro, 2021)",Parentética,Automatizable,No encontrada,
"(Madariaga & Asencio, 2019)",Parentética,Automatizable,76,
"(Magazine, 2015)",Parentética,Automatizable,No encontrada,
"(Marinescu y Bratiloveanu, 2020)",Parentética,Automatizable,No encontrada,
"(Mariscal y Rivera, 2007)",Parentética,Automatizable,29,
"(Martínez & Lidia, 2019)",Parentética,Automatizable,80,
"(Martínez, 2016, p. 35)",Parentética,Revision_Manual,No encontrada,
"(Martínez, 2016, p. 63)",Parentética,Revision_Manual,No encontrada,
"(Martínez, 2016, pp. 33-34)",Parentética,Revision_Manual,No encontrada,
"(Mata, 1993)",Parentética,Automatizable,120,
"(Meneses, 2023)",Parentética,Automatizable,No encontrada,
"(Merton, 1999)",Parentética,Automatizable,No encontrada,
"(Mignolo, 2015, p. 315)",Parentética,Revision_Manual,No encontrada,
"(Moreno, 2023)",Parentética,Automatizable,"78, 79",
"(Méndez, 2018)",Parentética,Automatizable,No encontrada,
"(Méndez, 2020)",Parentética,Automatizable,76,
"(Ovigli, 2024)",Parentética,Automatizable,83,
"(Ragnedda y Ruiu, 2017)",Parentética,Automatizable,27,
"(Reynoso, 2014)",Parentética,Automatizable,31,
"(Romero-Cárdenas, 2017)",Parentética,Automatizable,79,
"(Sassen, 2002)",Parentética,Automatizable,30,
"(Scott, 1998)",Parentética,Automatizable,"22, 30",
"(Serrano, 2021)",Parentética,Automatizable,78,
"(Sikora, 2021)",Parentética,Automatizable,"80, 81",
"(Silván & Zúñiga, 2019)",Parentética,Automatizable,79,
"(Simmel, 2014)",Parentética,Automatizable,116,
"(Solis, 2014)",Parentética,Automatizable,117,
"(Tevera, 1993)",Parentética,Automatizable,No encontrada,
"(Torres & Riaño-Casallas, 2018)",Parentética,Automatizable,79,
"(Torres, 2024)",Parentética,Automatizable,75,
"(Vadi, 2015)",Parentética,Automatizable,80,
"(Verduzco & Kral, 2022)",Parentética,Automatizable,79,
"(Villanueva-González, 2018)",Parentética,Automatizable,83,
"(Wagner, 2016)",Parentética,Automatizable,No encontrada,
"(Wall, 2015)",Parentética,Automatizable,No encontrada,
Acurio et al. (1997),Narrativa,Revision_Manual,No encontrada,
Adelantado et al. (1998),Narrativa,Revision_Manual,No encontrada,
Aguilar (2002),Narrativa,Automatizable,No encontrada,
Al (2024),Narrativa,Automatizable,No encontrada,
Alejandro (2006),Narrativa,Automatizable,No encontrada,
Alejandro (2010),Narrativa,Automatizable,No encontrada,
Alejandro (2014),Narrativa,Automatizable,No encontrada,
Alejandro (2015),Narrativa,Automatizable,No encontrada,
Alejandro (2023),Narrativa,Automatizable,No encontrada,
Alina (2020),Narrativa,Automatizable,No encontrada,
Ana (2006),Narrativa,Automatizable,No encontrada,
Antunes (2005),Narrativa,Automatizable,No encontrada,
Borja (2012),Narrativa,Automatizable,No encontrada,
Borja (2019),Narrativa,Automatizable,No encontrada,
Britha (1995),Narrativa,Automatizable,No encontrada,
Bustamante (1990),Narrativa,Automatizable,No encontrada,
CONEVAL (2021),Narrativa,Automatizable,No encontrada,
CONEVAL (2024),Narrativa,Automatizable,No encontrada,
Carrión (2019),Narrativa,Automatizable,No encontrada,
Castells (2009),Narrativa,Automatizable,28,
Cejudo y Michel (2016),Narrativa,Automatizable,No encontrada,
Clarissa (2019),Narrativa,Automatizable,No encontrada,
Claudia (2017),Narrativa,Automatizable,No encontrada,
Clifford (1973),Narrativa,Automatizable,No encontrada,
Clifford Geertz (1973),Narrativa,Automatizable,No encontrada,
Couldry y Mejías (2019),Narrativa,Automatizable,28,
Cris y Susan Wright (1997),Narrativa,Automatizable,No encontrada,
Cucó (2004),Narrativa,Automatizable,No encontrada,
DIF (2024),Narrativa,Automatizable,No encontrada,
Damián (2025),Narrativa,Automatizable,No encontrada,
Daniel (1993),Narrativa,Automatizable,No encontrada,
Daniela (2022),Narrativa,Automatizable,No encontrada,
David (2005),Narrativa,Automatizable,No encontrada,
David (2006),Narrativa,Automatizable,No encontrada,
David (2007),Narrativa,Automatizable,No encontrada,
David (2014),Narrativa,Automatizable,No encontrada,
Delgado (1999),Narrativa,Automatizable,No encontrada,
Delgado (2002),Narrativa,Automatizable,No encontrada,
Didier (2002),Narrativa,Automatizable,No encontrada,
Didier Fassin (2016),Narrativa,Automatizable,No encontrada,
Douglass North (1995),Narrativa,Automatizable,23,
Elias y Scotson (2015),Narrativa,Automatizable,29,
Emilio Fanfani (1989),Narrativa,Automatizable,No encontrada,
Espinosa (2013),Narrativa,Automatizable,No encontrada,
Federación (2019),Narrativa,Automatizable,No encontrada,
Francisco (1997),Narrativa,Automatizable,No encontrada,
Franco Ferrarotti (2012),Narrativa,Automatizable,No encontrada,
"Giorgio Agamben (2003, 2000)",Narrativa,Automatizable,No encontrada,
Guy (2013),Narrativa,Automatizable,No encontrada,
Harvey (2007),Narrativa,Automatizable,No encontrada,
Hiernaux (2007),Narrativa,Automatizable,No encontrada,
Huerta (2012),Narrativa,Automatizable,No encontrada,
Humberto (2019),Narrativa,Automatizable,No encontrada,
INEGI (2023),Narrativa,Automatizable,No encontrada,
Isabel (2016),Narrativa,Automatizable,No encontrada,
Ixtapaluca (2022),Narrativa,Automatizable,No encontrada,
Jesús (2017),Narrativa,Automatizable,No encontrada,
John (2000),Narrativa,Automatizable,No encontrada,
Jonathan (2012),Narrativa,Automatizable,No encontrada,
Jorge Bustamante (1990),Narrativa,Automatizable,No encontrada,
Josune (2017),Narrativa,Automatizable,No encontrada,
José Antonio (2019),Narrativa,Automatizable,No encontrada,
Juan (2012),Narrativa,Automatizable,No encontrada,
Keith (1971),Narrativa,Automatizable,No encontrada,
Kelly Yotebieng (2020),Narrativa,Automatizable,No encontrada,
La ONU (2018),Narrativa,Automatizable,No encontrada,
Lara-Caballero et al. (2021),Narrativa,Revision_Manual,No encontrada,
Laura (2012),Narrativa,Automatizable,No encontrada,
Lefebvre (2013),Narrativa,Automatizable,No encontrada,
Lorey (2016),Narrativa,Automatizable,No encontrada,
Luis y Padilla Martha (2012),Narrativa,Automatizable,No encontrada,
Luk (2011),Narrativa,Automatizable,No encontrada,
López (2017),Narrativa,Automatizable,No encontrada,
Malkki (2015),Narrativa,Automatizable,No encontrada,
Mariana Wagner (2016),Narrativa,Automatizable,No encontrada,
Martín (2010),Narrativa,Automatizable,No encontrada,
Mary Douglas (1986),Narrativa,Automatizable,23,
María (2009),Narrativa,Automatizable,No encontrada,
Max (1973),Narrativa,Automatizable,No encontrada,
Maya & Hermosilla (2019),Narrativa,Automatizable,82,
Mendoza (2021),Narrativa,Automatizable,No encontrada,
Menéndez (2002),Narrativa,Automatizable,No encontrada,
Miranda (2015),Narrativa,Automatizable,No encontrada,
Moreno (2023),Narrativa,Automatizable,No encontrada,
Muzzopappa & Villalta (2022),Narrativa,Automatizable,No encontrada,
Máximo (2020),Narrativa,Automatizable,No encontrada,
México (2019),Narrativa,Automatizable,No encontrada,
México (2024),Narrativa,Automatizable,No encontrada,
Nancy (1995),Narrativa,Automatizable,No encontrada,
Naotaka (2009),Narrativa,Automatizable,No encontrada,
Nicolás (2012),Narrativa,Automatizable,No encontrada,
ONU Medio Ambiente (2018),Narrativa,Automatizable,No encontrada,
Osvaldo (2021),Narrativa,Automatizable,No encontrada,
Perelman y Boy (2010),Narrativa,Automatizable,No encontrada,
Peter Redfield y Erica Bornstein (2011),Narrativa,Automatizable,No encontrada,
Pierre Bourdieu (1994),Narrativa,Automatizable,No encontrada,
Pilar (2014),Narrativa,Automatizable,No encontrada,
Podgornik-Jakil y Bens (2021),Narrativa,Automatizable,No encontrada,
"Poulantzas (1978, 1997)",Narrativa,Automatizable,No encontrada,
Ricardo (2005),Narrativa,Automatizable,No encontrada,
Ricardo López (2019),Narrativa,Automatizable,No encontrada,
Rifo & Durán (2022),Narrativa,Automatizable,No encontrada,
Rizo (2006),Narrativa,Automatizable,No encontrada,
Robert Castel (2004),Narrativa,Automatizable,No encontrada,
Rocha (2022),Narrativa,Automatizable,76,
Roger (2015),Narrativa,Automatizable,No encontrada,
Rolando (2005),Narrativa,Automatizable,No encontrada,
Rosa María (2012),Narrativa,Automatizable,No encontrada,
Roth (2002),Narrativa,Automatizable,No encontrada,
Rubio (2017),Narrativa,Automatizable,No encontrada,
Santiago Castro Gómez (2021),Narrativa,Automatizable,No encontrada,
Saskia (1991),Narrativa,Automatizable,No encontrada,
Sassen (1991),Narrativa,Automatizable,No encontrada,
Scott (1998),Narrativa,Automatizable,24,
Según María Cristina Bayón (2014),Narrativa,Automatizable,No encontrada,
Setha y Sally Engle Merry (2010),Narrativa,Automatizable,No encontrada,
Shore (2010),Narrativa,Automatizable,No encontrada,
Signorelli (1999),Narrativa,Automatizable,No encontrada,
Standing (2013),Narrativa,Automatizable,No encontrada,
Tania (2013),Narrativa,Automatizable,No encontrada,
Tim (1996),Narrativa,Automatizable,No encontrada,
Titmuss (1987),Narrativa,Automatizable,No encontrada,
Tokman (2001),Narrativa,Automatizable,No encontrada,
Valente et al. (2019),Narrativa,Revision_Manual,No encontrada,
Valentina (2017),Narrativa,Automatizable,No encontrada,
Villanova (2012),Narrativa,Automatizable,No encontrada,
Víctor (2001),Narrativa,Automatizable,No encontrada,
Wall (2015),Narrativa,Automatizable,No encontrada,
William (1989),Narrativa,Automatizable,No encontrada,
William (2011),Narrativa,Automatizable,No encontrada,
Xiao (2022),Narrativa,Automatizable,82,
Ziga Podgornik-Jakil y Jona Bens (2021),Narrativa,Automatizable,No encontrada,
