Cita_Original,Tipo,Es_Compleja,Categoria
"(Abrams, 1988)",Parentética,FALSE,Automatizable
"(Agudo Sanchíz, 2010)",Parentética,FALSE,Automatizable
"(Agudo Sanchíz, 2014)",Parentética,FALSE,Automatizable
"(Agudo Sanchíz, 2015)",Parentética,FALSE,Automatizable
"(Agudo Sanchíz, 2023)",Parentética,FALSE,Automatizable
"(Arteaga, 2016)",Parentética,FALSE,Automatizable
"(Azevedo & Torres, 2020)",Parentética,FALSE,Automatizable
"(Bandeira & Rubaii, 2016)",Parentética,FALSE,Automatizable
"(Barros & Tavares, 2022)",Parentética,FALSE,Automatizable
"(Bourdieu, 1998)",Parentética,FALSE,Automatizable
"(Bravo, 2024)",Parentética,FALSE,Automatizable
"(Bustamante, 1990)",Parentética,FALSE,Automatizable
"(Cadavid, 2018)",Parentética,FALSE,Automatizable
"(Cadena & López, 2012)",Parentética,FALSE,Automatizable
"(Cantar, 2021)",Parentética,FALSE,Automatizable
"(Castañeda y Elbittar, 2013)",Parentética,FALSE,Automatizable
"(Castañeda, 2024)",Parentética,FALSE,Automatizable
"(Castro-Gómez, 2010)",Parentética,FALSE,Automatizable
"(Cohen y Franco, 2005)",Parentética,FALSE,Automatizable
"(CONEVAL, 2021)",Parentética,FALSE,Automatizable
"(CONEVAL, 2024)",Parentética,FALSE,Automatizable
"(Cordoncillo, 2023)",Parentética,FALSE,Automatizable
"(Coronell, 2010)",Parentética,FALSE,Automatizable
"(Creswell y Creswell, 2014)",Parentética,FALSE,Automatizable
"(Danani, 2017)",Parentética,FALSE,Automatizable
"(Espinosa, 2013)",Parentética,FALSE,Automatizable
"(Fatoric & Daly, 2023)",Parentética,FALSE,Automatizable
"(Fernández-Laso & Ronco, 2022)",Parentética,FALSE,Automatizable
"(Ferrarotti, 2012)",Parentética,FALSE,Automatizable
"(Foucault, 1984)",Parentética,FALSE,Automatizable
"(Foucault, 1999)",Parentética,FALSE,Automatizable
"(Fracasso & García, 2019)",Parentética,FALSE,Automatizable
"(Gallé, 2016)",Parentética,FALSE,Automatizable
"(García, 2021)",Parentética,FALSE,Automatizable
"(Gil Villegas, 2000)",Parentética,FALSE,Automatizable
"(Gobierno de México, 2019)",Parentética,FALSE,Automatizable
"(Godelier, 1995)",Parentética,FALSE,Automatizable
"(Gómez, 2021)",Parentética,FALSE,Automatizable
"(Graeber, 2018)",Parentética,FALSE,Automatizable
"(Gupta, 2012)",Parentética,FALSE,Automatizable
"(Han, 2014)",Parentética,FALSE,Automatizable
"(Harguindéguy & Núñez, 2023)",Parentética,FALSE,Automatizable
"(Hart, 1971)",Parentética,FALSE,Automatizable
"(Harvey, 2007)",Parentética,FALSE,Automatizable
"(Hernández, 2021)",Parentética,FALSE,Automatizable
"(Hernández, 2023)",Parentética,FALSE,Automatizable
"(Hernandis, 2016)",Parentética,FALSE,Automatizable
"(Hilbert, 2011)",Parentética,FALSE,Automatizable
"(Holloway, 1982)",Parentética,FALSE,Automatizable
"(Howard & Hussain, 2013)",Parentética,FALSE,Automatizable
"(Huesca y Padilla, 2012)",Parentética,FALSE,Automatizable
"(Ibarrola, 2009)",Parentética,FALSE,Automatizable
"(INEGI, 2023)",Parentética,FALSE,Automatizable
"(INEGI, 2024)",Parentética,FALSE,Automatizable
"(Lloyd, 2020)",Parentética,FALSE,Automatizable
"(Loayza y Sugawara, 2009)",Parentética,FALSE,Automatizable
"(López Reyes & López Castro, 2021)",Parentética,FALSE,Automatizable
"(Madariaga & Asencio, 2019)",Parentética,FALSE,Automatizable
"(Magazine, 2015)",Parentética,FALSE,Automatizable
"(Marinescu y Bratiloveanu, 2020)",Parentética,FALSE,Automatizable
"(Mariscal y Rivera, 2007)",Parentética,FALSE,Automatizable
"(Martínez & Lidia, 2019)",Parentética,FALSE,Automatizable
"(Mata, 1993)",Parentética,FALSE,Automatizable
"(Méndez, 2018)",Parentética,FALSE,Automatizable
"(Méndez, 2020)",Parentética,FALSE,Automatizable
"(Meneses, 2023)",Parentética,FALSE,Automatizable
"(Merton, 1999)",Parentética,FALSE,Automatizable
"(Moreno, 2023)",Parentética,FALSE,Automatizable
"(Ovigli, 2024)",Parentética,FALSE,Automatizable
"(Ragnedda y Ruiu, 2017)",Parentética,FALSE,Automatizable
"(Reynoso, 2014)",Parentética,FALSE,Automatizable
"(Romero-Cárdenas, 2017)",Parentética,FALSE,Automatizable
"(Sassen, 2002)",Parentética,FALSE,Automatizable
"(Scott, 1998)",Parentética,FALSE,Automatizable
"(Serrano, 2021)",Parentética,FALSE,Automatizable
"(Sikora, 2021)",Parentética,FALSE,Automatizable
"(Silván & Zúñiga, 2019)",Parentética,FALSE,Automatizable
"(Simmel, 2014)",Parentética,FALSE,Automatizable
"(Solis, 2014)",Parentética,FALSE,Automatizable
"(Tevera, 1993)",Parentética,FALSE,Automatizable
"(Torres & Riaño-Casallas, 2018)",Parentética,FALSE,Automatizable
"(Torres, 2024)",Parentética,FALSE,Automatizable
"(Vadi, 2015)",Parentética,FALSE,Automatizable
"(Verduzco & Kral, 2022)",Parentética,FALSE,Automatizable
"(Villanueva-González, 2018)",Parentética,FALSE,Automatizable
"(Wagner, 2016)",Parentética,FALSE,Automatizable
"(Wall, 2015)",Parentética,FALSE,Automatizable
Aguilar (2002),Narrativa,FALSE,Automatizable
Al (2024),Narrativa,FALSE,Automatizable
Alejandro (2006),Narrativa,FALSE,Automatizable
Alejandro (2010),Narrativa,FALSE,Automatizable
Alejandro (2014),Narrativa,FALSE,Automatizable
Alejandro (2015),Narrativa,FALSE,Automatizable
Alejandro (2023),Narrativa,FALSE,Automatizable
Alina (2020),Narrativa,FALSE,Automatizable
Ana (2006),Narrativa,FALSE,Automatizable
Antunes (2005),Narrativa,FALSE,Automatizable
Borja (2012),Narrativa,FALSE,Automatizable
Borja (2019),Narrativa,FALSE,Automatizable
Britha (1995),Narrativa,FALSE,Automatizable
Bustamante (1990),Narrativa,FALSE,Automatizable
Carrión (2019),Narrativa,FALSE,Automatizable
Castells (2009),Narrativa,FALSE,Automatizable
Cejudo y Michel (2016),Narrativa,FALSE,Automatizable
Clarissa (2019),Narrativa,FALSE,Automatizable
Claudia (2017),Narrativa,FALSE,Automatizable
Clifford (1973),Narrativa,FALSE,Automatizable
Clifford Geertz (1973),Narrativa,FALSE,Automatizable
CONEVAL (2021),Narrativa,FALSE,Automatizable
CONEVAL (2024),Narrativa,FALSE,Automatizable
Couldry y Mejías (2019),Narrativa,FALSE,Automatizable
Cris y Susan Wright (1997),Narrativa,FALSE,Automatizable
Cucó (2004),Narrativa,FALSE,Automatizable
Damián (2025),Narrativa,FALSE,Automatizable
Daniel (1993),Narrativa,FALSE,Automatizable
Daniela (2022),Narrativa,FALSE,Automatizable
David (2005),Narrativa,FALSE,Automatizable
David (2006),Narrativa,FALSE,Automatizable
David (2007),Narrativa,FALSE,Automatizable
David (2014),Narrativa,FALSE,Automatizable
Delgado (1999),Narrativa,FALSE,Automatizable
Delgado (2002),Narrativa,FALSE,Automatizable
Didier (2002),Narrativa,FALSE,Automatizable
Didier Fassin (2016),Narrativa,FALSE,Automatizable
DIF (2024),Narrativa,FALSE,Automatizable
Douglass North (1995),Narrativa,FALSE,Automatizable
Elias y Scotson (2015),Narrativa,FALSE,Automatizable
Emilio Fanfani (1989),Narrativa,FALSE,Automatizable
Espinosa (2013),Narrativa,FALSE,Automatizable
Federación (2019),Narrativa,FALSE,Automatizable
Francisco (1997),Narrativa,FALSE,Automatizable
Franco Ferrarotti (2012),Narrativa,FALSE,Automatizable
"Giorgio Agamben (2003, 2000)",Narrativa,FALSE,Automatizable
Guy (2013),Narrativa,FALSE,Automatizable
Harvey (2007),Narrativa,FALSE,Automatizable
Hiernaux (2007),Narrativa,FALSE,Automatizable
Huerta (2012),Narrativa,FALSE,Automatizable
Humberto (2019),Narrativa,FALSE,Automatizable
INEGI (2023),Narrativa,FALSE,Automatizable
Isabel (2016),Narrativa,FALSE,Automatizable
Ixtapaluca (2022),Narrativa,FALSE,Automatizable
Jesús (2017),Narrativa,FALSE,Automatizable
John (2000),Narrativa,FALSE,Automatizable
Jonathan (2012),Narrativa,FALSE,Automatizable
Jorge Bustamante (1990),Narrativa,FALSE,Automatizable
José Antonio (2019),Narrativa,FALSE,Automatizable
Josune (2017),Narrativa,FALSE,Automatizable
Juan (2012),Narrativa,FALSE,Automatizable
Keith (1971),Narrativa,FALSE,Automatizable
Kelly Yotebieng (2020),Narrativa,FALSE,Automatizable
La ONU (2018),Narrativa,FALSE,Automatizable
Laura (2012),Narrativa,FALSE,Automatizable
Lefebvre (2013),Narrativa,FALSE,Automatizable
López (2017),Narrativa,FALSE,Automatizable
Lorey (2016),Narrativa,FALSE,Automatizable
Luis y Padilla Martha (2012),Narrativa,FALSE,Automatizable
Luk (2011),Narrativa,FALSE,Automatizable
Malkki (2015),Narrativa,FALSE,Automatizable
María (2009),Narrativa,FALSE,Automatizable
Mariana Wagner (2016),Narrativa,FALSE,Automatizable
Martín (2010),Narrativa,FALSE,Automatizable
Mary Douglas (1986),Narrativa,FALSE,Automatizable
Max (1973),Narrativa,FALSE,Automatizable
Máximo (2020),Narrativa,FALSE,Automatizable
Maya & Hermosilla (2019),Narrativa,FALSE,Automatizable
Mendoza (2021),Narrativa,FALSE,Automatizable
Menéndez (2002),Narrativa,FALSE,Automatizable
México (2019),Narrativa,FALSE,Automatizable
México (2024),Narrativa,FALSE,Automatizable
Miranda (2015),Narrativa,FALSE,Automatizable
Moreno (2023),Narrativa,FALSE,Automatizable
Muzzopappa & Villalta (2022),Narrativa,FALSE,Automatizable
Nancy (1995),Narrativa,FALSE,Automatizable
Naotaka (2009),Narrativa,FALSE,Automatizable
Nicolás (2012),Narrativa,FALSE,Automatizable
ONU Medio Ambiente (2018),Narrativa,FALSE,Automatizable
Osvaldo (2021),Narrativa,FALSE,Automatizable
Perelman y Boy (2010),Narrativa,FALSE,Automatizable
Peter Redfield y Erica Bornstein (2011),Narrativa,FALSE,Automatizable
Pierre Bourdieu (1994),Narrativa,FALSE,Automatizable
Pilar (2014),Narrativa,FALSE,Automatizable
Podgornik-Jakil y Bens (2021),Narrativa,FALSE,Automatizable
"Poulantzas (1978, 1997)",Narrativa,FALSE,Automatizable
Ricardo (2005),Narrativa,FALSE,Automatizable
Ricardo López (2019),Narrativa,FALSE,Automatizable
Rifo & Durán (2022),Narrativa,FALSE,Automatizable
Rizo (2006),Narrativa,FALSE,Automatizable
Robert Castel (2004),Narrativa,FALSE,Automatizable
Rocha (2022),Narrativa,FALSE,Automatizable
Roger (2015),Narrativa,FALSE,Automatizable
Rolando (2005),Narrativa,FALSE,Automatizable
Rosa María (2012),Narrativa,FALSE,Automatizable
Roth (2002),Narrativa,FALSE,Automatizable
Rubio (2017),Narrativa,FALSE,Automatizable
Santiago Castro Gómez (2021),Narrativa,FALSE,Automatizable
Saskia (1991),Narrativa,FALSE,Automatizable
Sassen (1991),Narrativa,FALSE,Automatizable
Scott (1998),Narrativa,FALSE,Automatizable
Según María Cristina Bayón (2014),Narrativa,FALSE,Automatizable
Setha y Sally Engle Merry (2010),Narrativa,FALSE,Automatizable
Shore (2010),Narrativa,FALSE,Automatizable
Signorelli (1999),Narrativa,FALSE,Automatizable
Standing (2013),Narrativa,FALSE,Automatizable
Tania (2013),Narrativa,FALSE,Automatizable
Tim (1996),Narrativa,FALSE,Automatizable
Titmuss (1987),Narrativa,FALSE,Automatizable
Tokman (2001),Narrativa,FALSE,Automatizable
Valentina (2017),Narrativa,FALSE,Automatizable
Víctor (2001),Narrativa,FALSE,Automatizable
Villanova (2012),Narrativa,FALSE,Automatizable
Wall (2015),Narrativa,FALSE,Automatizable
William (1989),Narrativa,FALSE,Automatizable
William (2011),Narrativa,FALSE,Automatizable
Xiao (2022),Narrativa,FALSE,Automatizable
Ziga Podgornik-Jakil y Jona Bens (2021),Narrativa,FALSE,Automatizable
